{
    "PSNR_degraded": 20.87325901153964,
    "PSNR_inverse": 21.60896382558052,
    "PSNR_wiener": 22.499584470202,
    "SSIM_degraded": 0.5132888104556944,
    "SSIM_inverse": 0.5991977137550826,
    "SSIM_wiener": 0.5820394077472096,
    "MSE_degraded": 0.008178508301576026,
    "MSE_inverse": 0.006904045064060706,
    "MSE_wiener": 0.005623951321729439
}