{
    "PSNR_degraded": 21.695008625553452,
    "PSNR_inverse": 24.674169934581233,
    "PSNR_wiener": 24.596900380381733,
    "SSIM_degraded": 0.5620088140304397,
    "SSIM_inverse": 0.7897686461564969,
    "SSIM_wiener": 0.7101145136931836,
    "MSE_degraded": 0.00676860448601082,
    "MSE_inverse": 0.0034086546806417193,
    "MSE_wiener": 0.003469844096578371
}