{
    "PSNR_degraded": 20.2314480852754,
    "PSNR_inverse": 22.010314123416563,
    "PSNR_wiener": 22.671708117379254,
    "SSIM_degraded": 0.4669612173610874,
    "SSIM_inverse": 0.6870678215637256,
    "SSIM_wiener": 0.6166019835881092,
    "MSE_degraded": 0.009481022810957987,
    "MSE_inverse": 0.006294606525799324,
    "MSE_wiener": 0.005405416814603216
}