{
    "PSNR_degraded": 26.42267116234104,
    "PSNR_inverse": 29.932691761160207,
    "PSNR_wiener": 29.593221404823645,
    "SSIM_degraded": 0.8227464792127783,
    "SSIM_inverse": 0.922181720716342,
    "SSIM_wiener": 0.8693546181286494,
    "MSE_degraded": 0.002278939960922329,
    "MSE_inverse": 0.0010156190161611516,
    "MSE_wiener": 0.0010981909476599054
}