{
    "PSNR_degraded": 22.37491076992969,
    "PSNR_inverse": 20.425936343021615,
    "PSNR_wiener": 21.826820501147196,
    "SSIM_degraded": 0.40208761153425654,
    "SSIM_inverse": 0.21907189222633386,
    "SSIM_wiener": 0.353376069373913,
    "MSE_degraded": 0.0057877387970523865,
    "MSE_inverse": 0.009065804838996671,
    "MSE_wiener": 0.006566258105096835
}