{
    "PSNR_degraded": 18.896724401795705,
    "PSNR_inverse": 22.93416353177466,
    "PSNR_wiener": 22.413642558977244,
    "SSIM_degraded": 0.597042308350279,
    "SSIM_inverse": 0.839338530779644,
    "SSIM_wiener": 0.7064131000238493,
    "MSE_degraded": 0.012892215602838007,
    "MSE_inverse": 0.005088428153314878,
    "MSE_wiener": 0.005736351352720148
}