{
    "PSNR_degraded": 19.42109903945071,
    "PSNR_inverse": 22.033370612342935,
    "PSNR_wiener": 21.98053516368053,
    "SSIM_degraded": 0.7222638046250784,
    "SSIM_inverse": 0.8817789120451702,
    "SSIM_wiener": 0.753154781972229,
    "MSE_degraded": 0.011425891509500722,
    "MSE_inverse": 0.0062612773069552355,
    "MSE_wiener": 0.006337916068457415
}