{
    "PSNR_degraded": 26.48644487203483,
    "PSNR_inverse": 30.048438090123945,
    "PSNR_wiener": 29.31778726100273,
    "SSIM_degraded": 0.8166647974402234,
    "SSIM_inverse": 0.9113582215486603,
    "SSIM_wiener": 0.863270203017201,
    "MSE_degraded": 0.0022457195141043214,
    "MSE_inverse": 0.0009889086848357596,
    "MSE_wiener": 0.0011700954051009733
}