{
    "PSNR_degraded": 20.105008796220126,
    "PSNR_inverse": 21.479624806543637,
    "PSNR_wiener": 22.01189493148036,
    "SSIM_degraded": 0.5070164289543477,
    "SSIM_inverse": 0.7031049067680986,
    "SSIM_wiener": 0.6136547871208345,
    "MSE_degraded": 0.009761108054089607,
    "MSE_inverse": 0.00711274959099753,
    "MSE_wiener": 0.006292315740534206
}